{"stat.walkOneCm":30861,"stat.useItem.minecraft.torch":1,"stat.pickup.minecraft.bone":2,"stat.pickup.minecraft.arrow":1,"stat.pickup.minecraft.crafting_table":2,"stat.craftItem.minecraft.crafting_table":1,"stat.mineBlock.minecraft.coal_ore":26,"stat.pickup.minecraft.log":13,"stat.jump":121,"stat.swimOneCm":91,"stat.pickup.minecraft.coal":26,"stat.fallOneCm":418,"stat.pickup.minecraft.stone":14,"stat.craftItem.minecraft.torch":16,"stat.pickup.minecraft.sapling":1,"stat.pickup.minecraft.dirt":1,"stat.sprintOneCm":13379,"stat.craftItem.minecraft.stick":16,"stat.craftItem.minecraft.wooden_axe":1,"stat.craftingTableInteraction":5,"stat.pickup.minecraft.rotten_flesh":1,"stat.killEntity.Skeleton":1,"stat.craftItem.minecraft.furnace":1,"stat.craftItem.minecraft.planks":52,"stat.mineBlock.minecraft.crafting_table":2,"stat.damageTaken":80,"stat.craftItem.minecraft.stone_pickaxe":1,"stat.useItem.minecraft.wooden_pickaxe":40,"stat.pickup.minecraft.cobblestone":81,"stat.mobKills":2,"stat.mineBlock.minecraft.log":13,"stat.pickup.minecraft.reeds":6,"stat.craftItem.minecraft.stone_sword":1,"stat.flyOneCm":7988,"stat.pickup.minecraft.wheat_seeds":6,"stat.mineBlock.minecraft.leaves":1,"stat.playOneMinute":12000,"stat.useItem.minecraft.stone_pickaxe":81,"stat.useItem.minecraft.stone_sword":8,"stat.damageDealt":399,"stat.killEntity.Zombie":1,"stat.timeSinceDeath":12000,"stat.useItem.minecraft.wooden_axe":2,"stat.useItem.minecraft.crafting_table":2,"stat.mineBlock.minecraft.dirt":1,"stat.craftItem.minecraft.wooden_pickaxe":1,"stat.mineBlock.minecraft.stone":95,"stat.mineBlock.minecraft.tallgrass":39}