{"stat.chestOpened":22,"stat.craftItem.minecraft.mushroom_stew":9,"stat.pickup.minecraft.bone":2,"stat.useItem.minecraft.mushroom_stew":3,"stat.pickup.minecraft.arrow":4,"stat.mineBlock.minecraft.cobblestone":1,"stat.mineBlock.minecraft.yellow_flower":6,"stat.useItem.minecraft.apple":1,"stat.mineBlock.minecraft.deadbush":18,"stat.jump":639,"stat.swimOneCm":15511,"stat.pickup.minecraft.coal":88,"stat.fallOneCm":5510,"stat.craftItem.minecraft.shield":1,"stat.useItem.minecraft.stone_axe":138,"stat.crouchOneCm":395,"stat.craftItem.minecraft.torch":44,"stat.craftItem.minecraft.chest":1,"stat.craftItem.minecraft.iron_ingot":12,"stat.pickup.minecraft.dirt":47,"stat.useItem.minecraft.dirt":31,"stat.pickup.minecraft.red_mushroom":22,"stat.craftingTableInteraction":23,"stat.pickup.minecraft.iron_ore":12,"stat.pickup.minecraft.rotten_flesh":1,"stat.craftItem.minecraft.furnace":2,"stat.craftItem.minecraft.stone_axe":2,"stat.mineBlock.minecraft.leaves2":3,"stat.mineBlock.minecraft.log2":38,"stat.damageTaken":345,"stat.pickup.minecraft.feather":3,"stat.craftItem.minecraft.stone_pickaxe":6,"stat.mineBlock.minecraft.red_flower":14,"stat.mineBlock.minecraft.furnace":1,"stat.useItem.minecraft.wooden_pickaxe":44,"stat.useItem.minecraft.furnace":2,"stat.pickup.minecraft.cobblestone":249,"stat.pickup.minecraft.log2":42,"stat.pickup.minecraft.dye":3,"stat.pickup.minecraft.reeds":6,"stat.craftItem.minecraft.stone_sword":2,"stat.flyOneCm":58692,"stat.pickup.minecraft.wheat_seeds":16,"stat.pickup.minecraft.brown_mushroom":9,"stat.useItem.minecraft.stone_pickaxe":342,"stat.breakItem.minecraft.stone_axe":1,"stat.pickup.minecraft.cactus":6,"stat.useItem.minecraft.stone_sword":28,"stat.damageDealt":1363,"stat.mineBlock.minecraft.iron_ore":12,"stat.craftItem.minecraft.bowl":8,"stat.timeSinceDeath":35341,"stat.useItem.minecraft.crafting_table":5,"stat.mineBlock.minecraft.dirt":28,"stat.craftItem.minecraft.wooden_pickaxe":2,"stat.pickup.minecraft.double_plant":4,"stat.walkOneCm":148113,"stat.useItem.minecraft.torch":9,"stat.useItem.minecraft.chest":1,"stat.pickup.minecraft.stick":20,"stat.pickup.minecraft.crafting_table":3,"stat.useItem.minecraft.cobblestone":13,"stat.craftItem.minecraft.crafting_table":2,"stat.furnaceInteraction":17,"stat.mineBlock.minecraft.double_plant":10,"stat.mineBlock.minecraft.coal_ore":88,"stat.breakItem.minecraft.stone_pickaxe":2,"stat.mineBlock.minecraft.red_mushroom_block":48,"stat.pickup.minecraft.log":19,"stat.pickup.minecraft.furnace":1,"stat.pickup.minecraft.stone":33,"stat.pickup.minecraft.chicken":3,"stat.pickup.minecraft.sapling":7,"stat.killEntity.Squid":1,"stat.sprintOneCm":47775,"stat.pickup.minecraft.apple":2,"stat.craftItem.minecraft.stick":40,"stat.craftItem.minecraft.wooden_axe":1,"stat.killEntity.Skeleton":3,"stat.mineBlock.minecraft.cactus":4,"stat.craftItem.minecraft.bucket":1,"stat.craftItem.minecraft.planks":100,"stat.craftItem.minecraft.stone":9,"stat.killEntity.Chicken":3,"stat.mineBlock.minecraft.crafting_table":3,"stat.mobKills":10,"stat.mineBlock.minecraft.log":19,"stat.deaths":1,"stat.mineBlock.minecraft.leaves":2,"stat.playOneMinute":48000,"stat.pickup.minecraft.red_flower":14,"stat.sneakTime":132,"stat.mineBlock.minecraft.brown_mushroom_block":45,"stat.killEntity.Zombie":3,"stat.craftItem.minecraft.dye":28,"stat.useItem.minecraft.wooden_axe":5,"stat.pickup.minecraft.yellow_flower":6,"stat.mineBlock.minecraft.stone":281,"stat.mineBlock.minecraft.tallgrass":158,"stat.diveOneCm":7795}