{"stat.chestOpened":23,"stat.craftItem.minecraft.mushroom_stew":9,"stat.pickup.minecraft.bone":2,"stat.useItem.minecraft.mushroom_stew":5,"stat.pickup.minecraft.arrow":4,"stat.mineBlock.minecraft.cobblestone":1,"stat.mineBlock.minecraft.yellow_flower":6,"stat.useItem.minecraft.apple":1,"stat.mineBlock.minecraft.deadbush":34,"stat.jump":1057,"stat.swimOneCm":22826,"stat.pickup.minecraft.coal":88,"stat.fallOneCm":15580,"stat.craftItem.minecraft.shield":1,"stat.useItem.minecraft.stone_axe":158,"stat.crouchOneCm":454,"stat.craftItem.minecraft.torch":44,"stat.craftItem.minecraft.chest":1,"stat.craftItem.minecraft.iron_ingot":12,"stat.pickup.minecraft.dirt":64,"stat.useItem.minecraft.dirt":34,"stat.pickup.minecraft.red_mushroom":22,"stat.mineBlock.minecraft.hardened_clay":1,"stat.useItem.minecraft.water_bucket":2,"stat.craftingTableInteraction":24,"stat.pickup.minecraft.iron_ore":12,"stat.pickup.minecraft.rotten_flesh":5,"stat.craftItem.minecraft.furnace":2,"stat.pickup.minecraft.gold_ore":4,"stat.pickup.minecraft.hardened_clay":1,"stat.craftItem.minecraft.stone_axe":2,"stat.mineBlock.minecraft.leaves2":3,"stat.mineBlock.minecraft.log2":38,"stat.damageTaken":965,"stat.pickup.minecraft.feather":3,"stat.craftItem.minecraft.stone_pickaxe":6,"stat.mineBlock.minecraft.red_flower":14,"stat.mineBlock.minecraft.furnace":1,"stat.useItem.minecraft.wooden_pickaxe":44,"stat.useItem.minecraft.furnace":2,"stat.pickup.minecraft.cobblestone":249,"stat.pickup.minecraft.log2":42,"stat.pickup.minecraft.dye":3,"stat.pickup.minecraft.reeds":6,"stat.craftItem.minecraft.stone_sword":2,"stat.flyOneCm":148445,"stat.pickup.minecraft.wheat_seeds":16,"stat.pickup.minecraft.brown_mushroom":9,"stat.pickup.minecraft.potato":1,"stat.useItem.minecraft.stone_pickaxe":362,"stat.breakItem.minecraft.stone_axe":1,"stat.pickup.minecraft.cactus":6,"stat.useItem.minecraft.stone_sword":51,"stat.damageDealt":2823,"stat.mineBlock.minecraft.iron_ore":12,"stat.craftItem.minecraft.bowl":8,"stat.timeSinceDeath":2642,"stat.useItem.minecraft.crafting_table":6,"stat.mineBlock.minecraft.dirt":30,"stat.useItem.minecraft.iron_pickaxe":4,"stat.pickup.minecraft.stained_hardened_clay":19,"stat.craftItem.minecraft.wooden_pickaxe":2,"stat.pickup.minecraft.double_plant":4,"stat.walkOneCm":192321,"stat.useItem.minecraft.torch":16,"stat.useItem.minecraft.bread":1,"stat.useItem.minecraft.chest":1,"stat.pickup.minecraft.stick":38,"stat.pickup.minecraft.crafting_table":3,"stat.useItem.minecraft.cobblestone":13,"stat.craftItem.minecraft.crafting_table":3,"stat.furnaceInteraction":17,"stat.mineBlock.minecraft.double_plant":10,"stat.mineBlock.minecraft.coal_ore":88,"stat.breakItem.minecraft.stone_pickaxe":2,"stat.killEntity.Creeper":1,"stat.mineBlock.minecraft.red_mushroom_block":48,"stat.pickup.minecraft.log":19,"stat.pickup.minecraft.furnace":1,"stat.entityKilledBy.Skeleton":2,"stat.pickup.minecraft.stone":33,"stat.pickup.minecraft.chicken":3,"stat.pickup.minecraft.sapling":7,"stat.killEntity.Squid":1,"stat.mineBlock.minecraft.stained_hardened_clay":19,"stat.sprintOneCm":93676,"stat.pickup.minecraft.apple":2,"stat.craftItem.minecraft.stick":44,"stat.craftItem.minecraft.wooden_axe":1,"stat.killEntity.Skeleton":3,"stat.mineBlock.minecraft.cactus":4,"stat.craftItem.minecraft.bucket":1,"stat.craftItem.minecraft.planks":100,"stat.craftItem.minecraft.stone":9,"stat.killEntity.Chicken":3,"stat.mineBlock.minecraft.crafting_table":3,"stat.killEntity.Spider":1,"stat.mobKills":17,"stat.mineBlock.minecraft.log":19,"stat.useItem.minecraft.bucket":2,"stat.deaths":3,"stat.mineBlock.minecraft.leaves":4,"stat.playOneMinute":60000,"stat.pickup.minecraft.red_flower":14,"stat.sneakTime":165,"stat.craftItem.minecraft.iron_pickaxe":1,"stat.mineBlock.minecraft.brown_mushroom_block":45,"stat.killEntity.Zombie":8,"stat.craftItem.minecraft.dye":28,"stat.useItem.minecraft.wooden_axe":5,"stat.pickup.minecraft.yellow_flower":6,"stat.mineBlock.minecraft.stone":281,"stat.mineBlock.minecraft.gold_ore":4,"stat.mineBlock.minecraft.tallgrass":159,"stat.diveOneCm":8040}