{"stat.walkOneCm":79467,"stat.useItem.minecraft.torch":1,"stat.pickup.minecraft.bone":2,"stat.pickup.minecraft.arrow":2,"stat.pickup.minecraft.crafting_table":3,"stat.mineBlock.minecraft.cobblestone":1,"stat.useItem.minecraft.cobblestone":12,"stat.craftItem.minecraft.crafting_table":2,"stat.furnaceInteraction":4,"stat.mineBlock.minecraft.double_plant":2,"stat.useItem.minecraft.apple":1,"stat.mineBlock.minecraft.coal_ore":41,"stat.pickup.minecraft.log":19,"stat.jump":239,"stat.swimOneCm":91,"stat.pickup.minecraft.coal":41,"stat.fallOneCm":2884,"stat.pickup.minecraft.furnace":1,"stat.useItem.minecraft.stone_axe":39,"stat.pickup.minecraft.stone":14,"stat.crouchOneCm":193,"stat.craftItem.minecraft.torch":16,"stat.pickup.minecraft.sapling":6,"stat.pickup.minecraft.dirt":9,"stat.sprintOneCm":27816,"stat.pickup.minecraft.apple":1,"stat.craftItem.minecraft.stick":28,"stat.craftItem.minecraft.wooden_axe":1,"stat.craftingTableInteraction":11,"stat.pickup.minecraft.rotten_flesh":1,"stat.killEntity.Skeleton":2,"stat.craftItem.minecraft.furnace":2,"stat.craftItem.minecraft.planks":76,"stat.craftItem.minecraft.stone":9,"stat.craftItem.minecraft.stone_axe":1,"stat.mineBlock.minecraft.leaves2":3,"stat.mineBlock.minecraft.log2":38,"stat.mineBlock.minecraft.crafting_table":3,"stat.damageTaken":295,"stat.craftItem.minecraft.stone_pickaxe":2,"stat.mineBlock.minecraft.red_flower":1,"stat.mineBlock.minecraft.furnace":1,"stat.useItem.minecraft.wooden_pickaxe":44,"stat.useItem.minecraft.furnace":2,"stat.pickup.minecraft.cobblestone":135,"stat.mobKills":4,"stat.mineBlock.minecraft.log":19,"stat.pickup.minecraft.log2":38,"stat.pickup.minecraft.reeds":6,"stat.craftItem.minecraft.stone_sword":1,"stat.flyOneCm":19128,"stat.deaths":1,"stat.pickup.minecraft.wheat_seeds":7,"stat.mineBlock.minecraft.leaves":2,"stat.playOneMinute":24000,"stat.useItem.minecraft.stone_pickaxe":147,"stat.pickup.minecraft.red_flower":1,"stat.useItem.minecraft.stone_sword":9,"stat.sneakTime":81,"stat.damageDealt":693,"stat.killEntity.Zombie":2,"stat.timeSinceDeath":11341,"stat.useItem.minecraft.wooden_axe":5,"stat.useItem.minecraft.crafting_table":5,"stat.mineBlock.minecraft.dirt":9,"stat.craftItem.minecraft.wooden_pickaxe":2,"stat.mineBlock.minecraft.stone":148,"stat.mineBlock.minecraft.tallgrass":80}