{"stat.leaveGame":3,"stat.craftItem.minecraft.iron_axe":1,"stat.drop.minecraft.redstone":64,"stat.craftItem.minecraft.shield":2,"stat.pickup.minecraft.porkchop":5,"stat.useItem.minecraft.water_bucket":12,"stat.pickup.minecraft.rotten_flesh":15,"stat.pickup.minecraft.sand":46,"stat.pickup.minecraft.hardened_clay":1,"stat.craftItem.minecraft.stone_axe":4,"stat.craftItem.minecraft.stone_sword":2,"stat.craftItem.minecraft.iron_shovel":1,"stat.pickup.minecraft.brown_mushroom":53,"stat.mineBlock.minecraft.sand":46,"stat.killEntity.Witch":1,"stat.craftItem.minecraft.wooden_hoe":1,"stat.useItem.minecraft.iron_pickaxe":760,"stat.pickup.minecraft.stained_hardened_clay":19,"stat.craftItem.minecraft.wooden_pickaxe":2,"stat.pickup.minecraft.double_plant":4,"stat.craftItem.minecraft.bed":1,"stat.craftItem.minecraft.glass_pane":16,"stat.furnaceInteraction":116,"stat.killEntity.ZombieVillager":2,"stat.pickup.minecraft.furnace":1,"stat.useItem.minecraft.cooked_mutton":8,"stat.mineBlock.minecraft.stained_hardened_clay":19,"stat.useItem.minecraft.wheat_seeds":36,"stat.useItem.minecraft.dye":9,"stat.craftItem.minecraft.heavy_weighted_pressure_plate":1,"stat.deaths":7,"stat.playOneMinute":252968,"stat.craftItem.minecraft.iron_pickaxe":4,"stat.mineBlock.minecraft.brown_mushroom_block":179,"stat.mineBlock.minecraft.tallgrass":213,"stat.craftItem.minecraft.cooked_mutton":12,"stat.pickup.minecraft.cooked_mutton":3,"stat.chestOpened":175,"stat.craftItem.minecraft.mushroom_stew":10,"stat.useItem.minecraft.stone":153,"stat.pickup.minecraft.arrow":12,"stat.fallOneCm":43934,"stat.pickup.minecraft.carrot":9,"stat.crouchOneCm":9377,"stat.craftItem.minecraft.chest":8,"stat.craftItem.minecraft.iron_ingot":210,"stat.pickup.minecraft.red_mushroom":22,"stat.mineBlock.minecraft.hardened_clay":1,"stat.craftingTableInteraction":60,"stat.mineBlock.minecraft.log2":115,"stat.pickup.minecraft.feather":4,"stat.useItem.minecraft.furnace":6,"stat.useItem.minecraft.reeds":4,"stat.pickup.minecraft.dye":23,"stat.pickup.minecraft.wheat_seeds":49,"stat.useItem.minecraft.stone_pickaxe":1013,"stat.breakItem.minecraft.stone_axe":1,"stat.useItem.minecraft.stone_sword":113,"stat.craftItem.minecraft.iron_leggings":1,"stat.mineBlock.minecraft.dirt":74,"stat.useItem.minecraft.torch":118,"stat.useItem.minecraft.bread":7,"stat.craftItem.minecraft.redstone_block":1,"stat.pickup.minecraft.crafting_table":3,"stat.useItem.minecraft.cobblestone":84,"stat.craftItem.minecraft.crafting_table":4,"stat.mineBlock.minecraft.double_plant":15,"stat.pickup.minecraft.log":48,"stat.pickup.minecraft.iron_pickaxe":1,"stat.craftItem.minecraft.stone_button":9,"stat.craftItem.minecraft.gold_ingot":48,"stat.pickup.minecraft.chicken":5,"stat.pickup.minecraft.sapling":19,"stat.pickup.minecraft.apple":2,"stat.craftItem.minecraft.bucket":2,"stat.craftItem.minecraft.planks":228,"stat.useItem.minecraft.iron_sword":74,"stat.pickup.minecraft.stone_sword":2,"stat.mineBlock.minecraft.log":47,"stat.craftItem.minecraft.cooked_chicken":2,"stat.pickup.minecraft.red_flower":14,"stat.sneakTime":4520,"stat.pickup.minecraft.wool":8,"stat.useItem.minecraft.wooden_axe":5,"stat.pickup.minecraft.yellow_flower":8,"stat.pickup.minecraft.bone":7,"stat.useItem.minecraft.mushroom_stew":6,"stat.useItem.minecraft.iron_axe":183,"stat.mineBlock.minecraft.cobblestone":3,"stat.pickup.minecraft.stone_pickaxe":1,"stat.mineBlock.minecraft.yellow_flower":6,"stat.breakItem.minecraft.shield":1,"stat.mineBlock.minecraft.brown_mushroom":2,"stat.swimOneCm":91319,"stat.breakItem.minecraft.iron_pickaxe":3,"stat.useItem.minecraft.dirt":148,"stat.pickup.minecraft.bow":1,"stat.craftItem.minecraft.furnace":7,"stat.craftItem.minecraft.iron_boots":1,"stat.craftItem.minecraft.stone_pickaxe":11,"stat.pickup.minecraft.cobblestone":1006,"stat.useItem.minecraft.stone_shovel":81,"stat.flyOneCm":460636,"stat.pickup.minecraft.glass_bottle":2,"stat.pickup.minecraft.cactus":6,"stat.pickup.minecraft.redstone":253,"stat.mineBlock.minecraft.iron_ore":221,"stat.timeSinceDeath":8556,"stat.pickup.minecraft.mutton":12,"stat.useItem.minecraft.cooked_porkchop":5,"stat.mineBlock.minecraft.coal_ore":218,"stat.killEntity.Creeper":4,"stat.pickup.minecraft.shield":2,"stat.mineBlock.minecraft.red_mushroom_block":48,"stat.pickup.minecraft.string":2,"stat.entityKilledBy.Skeleton":3,"stat.killEntity.Squid":1,"stat.sprintOneCm":300002,"stat.craftItem.minecraft.stick":100,"stat.craftItem.minecraft.wooden_axe":1,"stat.useItem.minecraft.bed":1,"stat.craftItem.minecraft.stone":31,"stat.mineBlock.minecraft.diamond_ore":4,"stat.mineBlock.minecraft.crafting_table":3,"stat.useItem.minecraft.bucket":13,"stat.entityKilledBy.Creeper":3,"stat.drop":1,"stat.killEntity.Sheep":8,"stat.killEntity.Zombie":21,"stat.craftItem.minecraft.dye":37,"stat.mineBlock.minecraft.gold_ore":52,"stat.diveOneCm":40793,"stat.pickup.minecraft.wheat":12,"stat.craftItem.minecraft.cooked_porkchop":5,"stat.pickup.minecraft.stone_axe":1,"stat.useItem.minecraft.apple":1,"stat.mineBlock.minecraft.deadbush":34,"stat.jump":3785,"stat.useItem.minecraft.sand":1,"stat.useItem.minecraft.wooden_hoe":27,"stat.pickup.minecraft.coal":219,"stat.useItem.minecraft.stone_axe":236,"stat.pickup.minecraft.gunpowder":3,"stat.craftItem.minecraft.bread":4,"stat.pickup.minecraft.spider_eye":1,"stat.craftItem.minecraft.torch":152,"stat.pickup.minecraft.dirt":230,"stat.craftItem.minecraft.iron_helmet":1,"stat.useItem.minecraft.cooked_chicken":2,"stat.pickup.minecraft.iron_ore":221,"stat.pickup.minecraft.gold_ore":52,"stat.mineBlock.minecraft.lapis_ore":3,"stat.mineBlock.minecraft.leaves2":4,"stat.damageTaken":3037,"stat.mineBlock.minecraft.red_flower":14,"stat.mineBlock.minecraft.furnace":1,"stat.mineBlock.minecraft.torch":2,"stat.useItem.minecraft.wooden_pickaxe":68,"stat.pickup.minecraft.log2":123,"stat.pickup.minecraft.reeds":20,"stat.pickup.minecraft.potato":1,"stat.damageDealt":9684,"stat.craftItem.minecraft.glass":45,"stat.craftItem.minecraft.bowl":8,"stat.sleepInBed":1,"stat.useItem.minecraft.crafting_table":7,"stat.killEntity.Pig":3,"stat.craftItem.minecraft.iron_sword":1,"stat.craftItem.minecraft.stone_shovel":1,"stat.walkOneCm":716730,"stat.useItem.minecraft.chest":8,"stat.pickup.minecraft.stick":38,"stat.breakItem.minecraft.stone_pickaxe":6,"stat.pickup.minecraft.stone":296,"stat.craftItem.minecraft.iron_chestplate":1,"stat.killEntity.Skeleton":9,"stat.mineBlock.minecraft.cactus":4,"stat.killEntity.Chicken":5,"stat.killEntity.Spider":3,"stat.pickup.minecraft.bread":2,"stat.mobKills":57,"stat.pickup.minecraft.water_bucket":1,"stat.pickup.minecraft.diamond":4,"stat.mineBlock.minecraft.leaves":10,"stat.pickup.minecraft.torch":27,"stat.mineBlock.minecraft.redstone_ore":41,"stat.mineBlock.minecraft.stone":1272}