{"stat.pickup.minecraft.bone":6,"stat.useItem.minecraft.mushroom_stew":5,"stat.useItem.minecraft.iron_axe":9,"stat.leaveGame":1,"stat.mineBlock.minecraft.cobblestone":1,"stat.pickup.minecraft.stone_pickaxe":1,"stat.mineBlock.minecraft.yellow_flower":6,"stat.craftItem.minecraft.iron_axe":1,"stat.drop.minecraft.redstone":64,"stat.mineBlock.minecraft.brown_mushroom":2,"stat.swimOneCm":71993,"stat.craftItem.minecraft.shield":2,"stat.pickup.minecraft.porkchop":5,"stat.breakItem.minecraft.iron_pickaxe":1,"stat.useItem.minecraft.dirt":71,"stat.pickup.minecraft.bow":1,"stat.useItem.minecraft.water_bucket":8,"stat.pickup.minecraft.rotten_flesh":13,"stat.craftItem.minecraft.furnace":6,"stat.pickup.minecraft.hardened_clay":1,"stat.craftItem.minecraft.stone_axe":4,"stat.craftItem.minecraft.iron_boots":1,"stat.craftItem.minecraft.stone_pickaxe":11,"stat.pickup.minecraft.cobblestone":903,"stat.craftItem.minecraft.stone_sword":2,"stat.flyOneCm":310792,"stat.pickup.minecraft.brown_mushroom":11,"stat.pickup.minecraft.cactus":6,"stat.craftItem.minecraft.wooden_hoe":1,"stat.pickup.minecraft.redstone":253,"stat.mineBlock.minecraft.iron_ore":167,"stat.timeSinceDeath":67111,"stat.useItem.minecraft.iron_pickaxe":496,"stat.pickup.minecraft.stained_hardened_clay":19,"stat.craftItem.minecraft.wooden_pickaxe":2,"stat.pickup.minecraft.mutton":12,"stat.pickup.minecraft.double_plant":4,"stat.craftItem.minecraft.bed":1,"stat.furnaceInteraction":61,"stat.useItem.minecraft.cooked_porkchop":5,"stat.killEntity.ZombieVillager":2,"stat.mineBlock.minecraft.coal_ore":178,"stat.killEntity.Creeper":3,"stat.pickup.minecraft.shield":2,"stat.mineBlock.minecraft.red_mushroom_block":48,"stat.pickup.minecraft.string":2,"stat.pickup.minecraft.furnace":1,"stat.useItem.minecraft.cooked_mutton":6,"stat.entityKilledBy.Skeleton":3,"stat.killEntity.Squid":1,"stat.mineBlock.minecraft.stained_hardened_clay":19,"stat.sprintOneCm":192456,"stat.craftItem.minecraft.stick":96,"stat.craftItem.minecraft.wooden_axe":1,"stat.useItem.minecraft.bed":1,"stat.craftItem.minecraft.stone":9,"stat.useItem.minecraft.wheat_seeds":26,"stat.mineBlock.minecraft.crafting_table":3,"stat.useItem.minecraft.dye":9,"stat.useItem.minecraft.bucket":9,"stat.craftItem.minecraft.heavy_weighted_pressure_plate":1,"stat.entityKilledBy.Creeper":1,"stat.deaths":5,"stat.drop":1,"stat.playOneMinute":185391,"stat.killEntity.Sheep":8,"stat.craftItem.minecraft.iron_pickaxe":4,"stat.mineBlock.minecraft.brown_mushroom_block":45,"stat.killEntity.Zombie":18,"stat.craftItem.minecraft.dye":37,"stat.mineBlock.minecraft.gold_ore":35,"stat.mineBlock.minecraft.tallgrass":207,"stat.craftItem.minecraft.cooked_mutton":12,"stat.diveOneCm":36792,"stat.pickup.minecraft.wheat":7,"stat.pickup.minecraft.cooked_mutton":3,"stat.chestOpened":111,"stat.craftItem.minecraft.mushroom_stew":9,"stat.useItem.minecraft.stone":150,"stat.pickup.minecraft.arrow":10,"stat.craftItem.minecraft.cooked_porkchop":5,"stat.pickup.minecraft.stone_axe":1,"stat.useItem.minecraft.apple":1,"stat.mineBlock.minecraft.deadbush":34,"stat.jump":2532,"stat.useItem.minecraft.wooden_hoe":27,"stat.pickup.minecraft.coal":179,"stat.fallOneCm":31360,"stat.useItem.minecraft.stone_axe":236,"stat.pickup.minecraft.gunpowder":2,"stat.craftItem.minecraft.bread":2,"stat.crouchOneCm":5700,"stat.pickup.minecraft.spider_eye":1,"stat.craftItem.minecraft.torch":152,"stat.craftItem.minecraft.chest":7,"stat.craftItem.minecraft.iron_ingot":142,"stat.pickup.minecraft.dirt":128,"stat.craftItem.minecraft.iron_helmet":1,"stat.pickup.minecraft.red_mushroom":22,"stat.mineBlock.minecraft.hardened_clay":1,"stat.craftingTableInteraction":46,"stat.pickup.minecraft.iron_ore":165,"stat.pickup.minecraft.gold_ore":35,"stat.mineBlock.minecraft.lapis_ore":3,"stat.mineBlock.minecraft.leaves2":4,"stat.mineBlock.minecraft.log2":115,"stat.damageTaken":2091,"stat.pickup.minecraft.feather":4,"stat.mineBlock.minecraft.red_flower":14,"stat.mineBlock.minecraft.furnace":1,"stat.useItem.minecraft.wooden_pickaxe":68,"stat.useItem.minecraft.furnace":6,"stat.useItem.minecraft.reeds":4,"stat.pickup.minecraft.log2":123,"stat.pickup.minecraft.dye":23,"stat.pickup.minecraft.reeds":12,"stat.pickup.minecraft.wheat_seeds":39,"stat.pickup.minecraft.potato":1,"stat.useItem.minecraft.stone_pickaxe":1013,"stat.breakItem.minecraft.stone_axe":1,"stat.useItem.minecraft.stone_sword":113,"stat.craftItem.minecraft.iron_leggings":1,"stat.damageDealt":7741,"stat.craftItem.minecraft.bowl":8,"stat.sleepInBed":1,"stat.useItem.minecraft.crafting_table":7,"stat.mineBlock.minecraft.dirt":36,"stat.killEntity.Pig":3,"stat.craftItem.minecraft.iron_sword":1,"stat.walkOneCm":510012,"stat.useItem.minecraft.torch":83,"stat.useItem.minecraft.bread":1,"stat.useItem.minecraft.chest":7,"stat.pickup.minecraft.stick":38,"stat.pickup.minecraft.crafting_table":3,"stat.useItem.minecraft.cobblestone":51,"stat.craftItem.minecraft.crafting_table":4,"stat.mineBlock.minecraft.double_plant":15,"stat.breakItem.minecraft.stone_pickaxe":6,"stat.pickup.minecraft.log":19,"stat.pickup.minecraft.iron_pickaxe":1,"stat.craftItem.minecraft.stone_button":9,"stat.craftItem.minecraft.gold_ingot":30,"stat.pickup.minecraft.stone":282,"stat.craftItem.minecraft.iron_chestplate":1,"stat.pickup.minecraft.chicken":5,"stat.pickup.minecraft.sapling":10,"stat.pickup.minecraft.apple":2,"stat.killEntity.Skeleton":7,"stat.mineBlock.minecraft.cactus":4,"stat.craftItem.minecraft.bucket":2,"stat.craftItem.minecraft.planks":228,"stat.useItem.minecraft.iron_sword":43,"stat.killEntity.Chicken":5,"stat.killEntity.Spider":2,"stat.pickup.minecraft.stone_sword":2,"stat.mobKills":49,"stat.mineBlock.minecraft.log":19,"stat.craftItem.minecraft.cooked_chicken":2,"stat.pickup.minecraft.water_bucket":1,"stat.mineBlock.minecraft.leaves":6,"stat.pickup.minecraft.torch":25,"stat.pickup.minecraft.red_flower":14,"stat.mineBlock.minecraft.redstone_ore":41,"stat.sneakTime":2482,"stat.pickup.minecraft.wool":8,"stat.useItem.minecraft.wooden_axe":5,"stat.pickup.minecraft.yellow_flower":6,"stat.mineBlock.minecraft.stone":1126}