{"stat.chestOpened":42,"stat.craftItem.minecraft.mushroom_stew":9,"stat.pickup.minecraft.bone":3,"stat.useItem.minecraft.mushroom_stew":5,"stat.useItem.minecraft.stone":4,"stat.pickup.minecraft.arrow":6,"stat.mineBlock.minecraft.cobblestone":1,"stat.craftItem.minecraft.cooked_porkchop":5,"stat.mineBlock.minecraft.yellow_flower":6,"stat.useItem.minecraft.apple":1,"stat.mineBlock.minecraft.deadbush":34,"stat.jump":1590,"stat.swimOneCm":33050,"stat.useItem.minecraft.wooden_hoe":5,"stat.pickup.minecraft.coal":88,"stat.fallOneCm":23468,"stat.craftItem.minecraft.shield":1,"stat.useItem.minecraft.stone_axe":158,"stat.pickup.minecraft.porkchop":5,"stat.crouchOneCm":454,"stat.pickup.minecraft.spider_eye":1,"stat.craftItem.minecraft.torch":64,"stat.craftItem.minecraft.chest":3,"stat.craftItem.minecraft.iron_ingot":15,"stat.pickup.minecraft.dirt":92,"stat.useItem.minecraft.dirt":35,"stat.pickup.minecraft.red_mushroom":22,"stat.mineBlock.minecraft.hardened_clay":1,"stat.useItem.minecraft.water_bucket":2,"stat.craftingTableInteraction":29,"stat.pickup.minecraft.iron_ore":22,"stat.pickup.minecraft.rotten_flesh":6,"stat.craftItem.minecraft.furnace":2,"stat.pickup.minecraft.gold_ore":4,"stat.pickup.minecraft.hardened_clay":1,"stat.craftItem.minecraft.stone_axe":2,"stat.mineBlock.minecraft.leaves2":3,"stat.mineBlock.minecraft.log2":38,"stat.damageTaken":1235,"stat.pickup.minecraft.feather":4,"stat.craftItem.minecraft.stone_pickaxe":8,"stat.mineBlock.minecraft.red_flower":14,"stat.mineBlock.minecraft.furnace":1,"stat.useItem.minecraft.wooden_pickaxe":68,"stat.useItem.minecraft.furnace":2,"stat.pickup.minecraft.cobblestone":388,"stat.pickup.minecraft.log2":42,"stat.pickup.minecraft.dye":3,"stat.pickup.minecraft.reeds":12,"stat.craftItem.minecraft.stone_sword":2,"stat.flyOneCm":235008,"stat.pickup.minecraft.wheat_seeds":26,"stat.pickup.minecraft.brown_mushroom":9,"stat.pickup.minecraft.potato":1,"stat.useItem.minecraft.stone_pickaxe":522,"stat.breakItem.minecraft.stone_axe":1,"stat.pickup.minecraft.cactus":6,"stat.craftItem.minecraft.wooden_hoe":1,"stat.useItem.minecraft.stone_sword":90,"stat.damageDealt":4166,"stat.mineBlock.minecraft.iron_ore":22,"stat.craftItem.minecraft.bowl":8,"stat.timeSinceDeath":21846,"stat.useItem.minecraft.crafting_table":6,"stat.mineBlock.minecraft.dirt":30,"stat.useItem.minecraft.iron_pickaxe":4,"stat.pickup.minecraft.stained_hardened_clay":19,"stat.craftItem.minecraft.wooden_pickaxe":2,"stat.killEntity.Pig":3,"stat.pickup.minecraft.mutton":7,"stat.pickup.minecraft.double_plant":4,"stat.walkOneCm":268629,"stat.useItem.minecraft.torch":23,"stat.useItem.minecraft.bread":1,"stat.useItem.minecraft.chest":3,"stat.pickup.minecraft.stick":38,"stat.pickup.minecraft.crafting_table":3,"stat.useItem.minecraft.cobblestone":13,"stat.craftItem.minecraft.crafting_table":3,"stat.furnaceInteraction":22,"stat.mineBlock.minecraft.double_plant":13,"stat.useItem.minecraft.cooked_porkchop":2,"stat.mineBlock.minecraft.coal_ore":88,"stat.breakItem.minecraft.stone_pickaxe":3,"stat.killEntity.Creeper":1,"stat.pickup.minecraft.shield":1,"stat.mineBlock.minecraft.red_mushroom_block":48,"stat.pickup.minecraft.log":19,"stat.pickup.minecraft.string":2,"stat.pickup.minecraft.furnace":1,"stat.entityKilledBy.Skeleton":3,"stat.pickup.minecraft.stone":68,"stat.pickup.minecraft.chicken":5,"stat.pickup.minecraft.sapling":7,"stat.killEntity.Squid":1,"stat.mineBlock.minecraft.stained_hardened_clay":19,"stat.sprintOneCm":141935,"stat.pickup.minecraft.apple":2,"stat.craftItem.minecraft.stick":60,"stat.craftItem.minecraft.wooden_axe":1,"stat.killEntity.Skeleton":4,"stat.mineBlock.minecraft.cactus":4,"stat.craftItem.minecraft.bucket":2,"stat.craftItem.minecraft.planks":124,"stat.craftItem.minecraft.stone":9,"stat.killEntity.Chicken":5,"stat.useItem.minecraft.wheat_seeds":6,"stat.mineBlock.minecraft.crafting_table":3,"stat.killEntity.Spider":2,"stat.pickup.minecraft.stone_sword":1,"stat.mobKills":31,"stat.mineBlock.minecraft.log":19,"stat.useItem.minecraft.dye":3,"stat.useItem.minecraft.bucket":3,"stat.craftItem.minecraft.cooked_chicken":2,"stat.deaths":4,"stat.mineBlock.minecraft.leaves":5,"stat.playOneMinute":84000,"stat.pickup.minecraft.torch":1,"stat.killEntity.Sheep":5,"stat.pickup.minecraft.red_flower":14,"stat.sneakTime":165,"stat.craftItem.minecraft.iron_pickaxe":1,"stat.pickup.minecraft.wool":5,"stat.mineBlock.minecraft.brown_mushroom_block":45,"stat.killEntity.Zombie":10,"stat.craftItem.minecraft.dye":31,"stat.useItem.minecraft.wooden_axe":5,"stat.pickup.minecraft.yellow_flower":6,"stat.mineBlock.minecraft.stone":455,"stat.mineBlock.minecraft.gold_ore":4,"stat.mineBlock.minecraft.tallgrass":200,"stat.diveOneCm":13569,"stat.pickup.minecraft.wheat":1}