{"stat.chestOpened":70,"stat.craftItem.minecraft.mushroom_stew":9,"stat.pickup.minecraft.bone":3,"stat.useItem.minecraft.mushroom_stew":5,"stat.useItem.minecraft.stone":49,"stat.pickup.minecraft.arrow":6,"stat.mineBlock.minecraft.cobblestone":1,"stat.craftItem.minecraft.cooked_porkchop":5,"stat.pickup.minecraft.stone_pickaxe":1,"stat.pickup.minecraft.stone_axe":1,"stat.mineBlock.minecraft.yellow_flower":6,"stat.useItem.minecraft.apple":1,"stat.mineBlock.minecraft.deadbush":34,"stat.drop.minecraft.redstone":64,"stat.jump":1846,"stat.swimOneCm":45126,"stat.useItem.minecraft.wooden_hoe":12,"stat.pickup.minecraft.coal":107,"stat.fallOneCm":26067,"stat.craftItem.minecraft.shield":1,"stat.useItem.minecraft.stone_axe":236,"stat.pickup.minecraft.porkchop":5,"stat.crouchOneCm":2002,"stat.pickup.minecraft.spider_eye":1,"stat.craftItem.minecraft.torch":76,"stat.craftItem.minecraft.chest":7,"stat.craftItem.minecraft.iron_ingot":22,"stat.pickup.minecraft.dirt":124,"stat.useItem.minecraft.dirt":67,"stat.pickup.minecraft.red_mushroom":22,"stat.mineBlock.minecraft.hardened_clay":1,"stat.useItem.minecraft.water_bucket":6,"stat.craftingTableInteraction":38,"stat.pickup.minecraft.iron_ore":24,"stat.pickup.minecraft.rotten_flesh":8,"stat.craftItem.minecraft.furnace":6,"stat.pickup.minecraft.gold_ore":21,"stat.pickup.minecraft.hardened_clay":1,"stat.craftItem.minecraft.stone_axe":4,"stat.mineBlock.minecraft.leaves2":4,"stat.mineBlock.minecraft.log2":115,"stat.damageTaken":1720,"stat.pickup.minecraft.feather":4,"stat.craftItem.minecraft.stone_pickaxe":11,"stat.mineBlock.minecraft.red_flower":14,"stat.mineBlock.minecraft.furnace":1,"stat.useItem.minecraft.wooden_pickaxe":68,"stat.useItem.minecraft.furnace":6,"stat.useItem.minecraft.reeds":4,"stat.pickup.minecraft.cobblestone":707,"stat.pickup.minecraft.log2":123,"stat.pickup.minecraft.dye":3,"stat.pickup.minecraft.reeds":12,"stat.craftItem.minecraft.stone_sword":2,"stat.flyOneCm":273689,"stat.pickup.minecraft.wheat_seeds":27,"stat.pickup.minecraft.brown_mushroom":9,"stat.pickup.minecraft.potato":1,"stat.useItem.minecraft.stone_pickaxe":972,"stat.breakItem.minecraft.stone_axe":1,"stat.pickup.minecraft.cactus":6,"stat.craftItem.minecraft.wooden_hoe":1,"stat.useItem.minecraft.stone_sword":112,"stat.damageDealt":4939,"stat.pickup.minecraft.redstone":163,"stat.mineBlock.minecraft.iron_ore":24,"stat.craftItem.minecraft.bowl":8,"stat.sleepInBed":1,"stat.timeSinceDeath":1720,"stat.useItem.minecraft.crafting_table":7,"stat.mineBlock.minecraft.dirt":32,"stat.useItem.minecraft.iron_pickaxe":47,"stat.pickup.minecraft.stained_hardened_clay":19,"stat.craftItem.minecraft.wooden_pickaxe":2,"stat.killEntity.Pig":3,"stat.pickup.minecraft.mutton":12,"stat.pickup.minecraft.double_plant":4,"stat.walkOneCm":350267,"stat.craftItem.minecraft.bed":1,"stat.useItem.minecraft.torch":31,"stat.useItem.minecraft.bread":1,"stat.useItem.minecraft.chest":7,"stat.pickup.minecraft.stick":38,"stat.pickup.minecraft.crafting_table":3,"stat.useItem.minecraft.cobblestone":13,"stat.craftItem.minecraft.crafting_table":4,"stat.furnaceInteraction":28,"stat.mineBlock.minecraft.double_plant":15,"stat.useItem.minecraft.cooked_porkchop":5,"stat.mineBlock.minecraft.coal_ore":107,"stat.breakItem.minecraft.stone_pickaxe":6,"stat.killEntity.Creeper":1,"stat.pickup.minecraft.shield":2,"stat.mineBlock.minecraft.red_mushroom_block":48,"stat.pickup.minecraft.log":19,"stat.pickup.minecraft.string":2,"stat.pickup.minecraft.iron_pickaxe":1,"stat.pickup.minecraft.furnace":1,"stat.craftItem.minecraft.stone_button":9,"stat.entityKilledBy.Skeleton":3,"stat.pickup.minecraft.stone":229,"stat.pickup.minecraft.chicken":5,"stat.pickup.minecraft.sapling":10,"stat.killEntity.Squid":1,"stat.mineBlock.minecraft.stained_hardened_clay":19,"stat.sprintOneCm":163955,"stat.pickup.minecraft.apple":2,"stat.craftItem.minecraft.stick":80,"stat.craftItem.minecraft.wooden_axe":1,"stat.killEntity.Skeleton":4,"stat.mineBlock.minecraft.cactus":4,"stat.craftItem.minecraft.bucket":2,"stat.useItem.minecraft.bed":1,"stat.craftItem.minecraft.planks":228,"stat.craftItem.minecraft.stone":9,"stat.killEntity.Chicken":5,"stat.useItem.minecraft.wheat_seeds":13,"stat.mineBlock.minecraft.crafting_table":3,"stat.killEntity.Spider":2,"stat.pickup.minecraft.stone_sword":2,"stat.mobKills":36,"stat.mineBlock.minecraft.log":19,"stat.useItem.minecraft.dye":3,"stat.useItem.minecraft.bucket":7,"stat.craftItem.minecraft.heavy_weighted_pressure_plate":1,"stat.entityKilledBy.Creeper":1,"stat.craftItem.minecraft.cooked_chicken":2,"stat.deaths":5,"stat.pickup.minecraft.water_bucket":1,"stat.drop":1,"stat.mineBlock.minecraft.leaves":6,"stat.playOneMinute":120000,"stat.pickup.minecraft.torch":24,"stat.killEntity.Sheep":8,"stat.pickup.minecraft.red_flower":14,"stat.mineBlock.minecraft.redstone_ore":21,"stat.sneakTime":618,"stat.craftItem.minecraft.iron_pickaxe":2,"stat.pickup.minecraft.wool":8,"stat.mineBlock.minecraft.brown_mushroom_block":45,"stat.killEntity.Zombie":12,"stat.craftItem.minecraft.dye":31,"stat.useItem.minecraft.wooden_axe":5,"stat.pickup.minecraft.yellow_flower":6,"stat.mineBlock.minecraft.stone":889,"stat.mineBlock.minecraft.gold_ore":21,"stat.mineBlock.minecraft.tallgrass":207,"stat.craftItem.minecraft.cooked_mutton":12,"stat.diveOneCm":15934,"stat.pickup.minecraft.wheat":1,"stat.pickup.minecraft.cooked_mutton":3}