{"stat.chestOpened":31,"stat.craftItem.minecraft.mushroom_stew":9,"stat.pickup.minecraft.bone":3,"stat.useItem.minecraft.mushroom_stew":5,"stat.pickup.minecraft.arrow":6,"stat.mineBlock.minecraft.cobblestone":1,"stat.craftItem.minecraft.cooked_porkchop":5,"stat.mineBlock.minecraft.yellow_flower":6,"stat.useItem.minecraft.apple":1,"stat.mineBlock.minecraft.deadbush":34,"stat.jump":1356,"stat.swimOneCm":31380,"stat.useItem.minecraft.wooden_hoe":3,"stat.pickup.minecraft.coal":88,"stat.fallOneCm":22214,"stat.craftItem.minecraft.shield":1,"stat.useItem.minecraft.stone_axe":158,"stat.pickup.minecraft.porkchop":5,"stat.crouchOneCm":454,"stat.craftItem.minecraft.torch":44,"stat.craftItem.minecraft.chest":1,"stat.craftItem.minecraft.iron_ingot":12,"stat.pickup.minecraft.dirt":92,"stat.useItem.minecraft.dirt":35,"stat.pickup.minecraft.red_mushroom":22,"stat.mineBlock.minecraft.hardened_clay":1,"stat.useItem.minecraft.water_bucket":2,"stat.craftingTableInteraction":27,"stat.pickup.minecraft.iron_ore":12,"stat.pickup.minecraft.rotten_flesh":5,"stat.craftItem.minecraft.furnace":2,"stat.pickup.minecraft.gold_ore":4,"stat.pickup.minecraft.hardened_clay":1,"stat.craftItem.minecraft.stone_axe":2,"stat.mineBlock.minecraft.leaves2":3,"stat.mineBlock.minecraft.log2":38,"stat.damageTaken":1205,"stat.pickup.minecraft.feather":4,"stat.craftItem.minecraft.stone_pickaxe":6,"stat.mineBlock.minecraft.red_flower":14,"stat.mineBlock.minecraft.furnace":1,"stat.useItem.minecraft.wooden_pickaxe":68,"stat.useItem.minecraft.furnace":2,"stat.pickup.minecraft.cobblestone":273,"stat.pickup.minecraft.log2":42,"stat.pickup.minecraft.dye":3,"stat.pickup.minecraft.reeds":6,"stat.craftItem.minecraft.stone_sword":2,"stat.flyOneCm":216627,"stat.pickup.minecraft.wheat_seeds":19,"stat.pickup.minecraft.brown_mushroom":9,"stat.pickup.minecraft.potato":1,"stat.useItem.minecraft.stone_pickaxe":362,"stat.breakItem.minecraft.stone_axe":1,"stat.pickup.minecraft.cactus":6,"stat.craftItem.minecraft.wooden_hoe":1,"stat.useItem.minecraft.stone_sword":60,"stat.damageDealt":3223,"stat.mineBlock.minecraft.iron_ore":12,"stat.craftItem.minecraft.bowl":8,"stat.timeSinceDeath":9846,"stat.useItem.minecraft.crafting_table":6,"stat.mineBlock.minecraft.dirt":30,"stat.useItem.minecraft.iron_pickaxe":4,"stat.pickup.minecraft.stained_hardened_clay":19,"stat.craftItem.minecraft.wooden_pickaxe":2,"stat.killEntity.Pig":3,"stat.pickup.minecraft.double_plant":4,"stat.walkOneCm":222431,"stat.useItem.minecraft.torch":17,"stat.useItem.minecraft.bread":1,"stat.useItem.minecraft.chest":1,"stat.pickup.minecraft.stick":38,"stat.pickup.minecraft.crafting_table":3,"stat.useItem.minecraft.cobblestone":13,"stat.craftItem.minecraft.crafting_table":3,"stat.furnaceInteraction":19,"stat.mineBlock.minecraft.double_plant":10,"stat.useItem.minecraft.cooked_porkchop":2,"stat.mineBlock.minecraft.coal_ore":88,"stat.breakItem.minecraft.stone_pickaxe":2,"stat.killEntity.Creeper":1,"stat.pickup.minecraft.shield":1,"stat.mineBlock.minecraft.red_mushroom_block":48,"stat.pickup.minecraft.log":19,"stat.pickup.minecraft.furnace":1,"stat.entityKilledBy.Skeleton":3,"stat.pickup.minecraft.stone":33,"stat.pickup.minecraft.chicken":5,"stat.pickup.minecraft.sapling":7,"stat.killEntity.Squid":1,"stat.mineBlock.minecraft.stained_hardened_clay":19,"stat.sprintOneCm":130679,"stat.pickup.minecraft.apple":2,"stat.craftItem.minecraft.stick":48,"stat.craftItem.minecraft.wooden_axe":1,"stat.killEntity.Skeleton":4,"stat.mineBlock.minecraft.cactus":4,"stat.craftItem.minecraft.bucket":2,"stat.craftItem.minecraft.planks":116,"stat.craftItem.minecraft.stone":9,"stat.killEntity.Chicken":5,"stat.useItem.minecraft.wheat_seeds":4,"stat.mineBlock.minecraft.crafting_table":3,"stat.killEntity.Spider":1,"stat.pickup.minecraft.stone_sword":1,"stat.mobKills":23,"stat.mineBlock.minecraft.log":19,"stat.useItem.minecraft.dye":3,"stat.useItem.minecraft.bucket":2,"stat.deaths":4,"stat.mineBlock.minecraft.leaves":5,"stat.playOneMinute":72000,"stat.pickup.minecraft.torch":1,"stat.pickup.minecraft.red_flower":14,"stat.sneakTime":165,"stat.craftItem.minecraft.iron_pickaxe":1,"stat.mineBlock.minecraft.brown_mushroom_block":45,"stat.killEntity.Zombie":8,"stat.craftItem.minecraft.dye":31,"stat.useItem.minecraft.wooden_axe":5,"stat.pickup.minecraft.yellow_flower":6,"stat.mineBlock.minecraft.stone":305,"stat.mineBlock.minecraft.gold_ore":4,"stat.mineBlock.minecraft.tallgrass":161,"stat.diveOneCm":13368,"stat.pickup.minecraft.wheat":1}