{"stat.chestOpened":12,"stat.pickup.minecraft.double_plant":4,"stat.walkOneCm":113488,"stat.useItem.minecraft.torch":6,"stat.pickup.minecraft.bone":2,"stat.useItem.minecraft.chest":1,"stat.pickup.minecraft.arrow":2,"stat.pickup.minecraft.crafting_table":3,"stat.mineBlock.minecraft.cobblestone":1,"stat.useItem.minecraft.cobblestone":12,"stat.craftItem.minecraft.crafting_table":2,"stat.furnaceInteraction":13,"stat.mineBlock.minecraft.yellow_flower":6,"stat.mineBlock.minecraft.double_plant":6,"stat.useItem.minecraft.apple":1,"stat.mineBlock.minecraft.coal_ore":67,"stat.breakItem.minecraft.stone_pickaxe":1,"stat.mineBlock.minecraft.red_mushroom_block":48,"stat.pickup.minecraft.log":19,"stat.jump":401,"stat.swimOneCm":5675,"stat.pickup.minecraft.coal":67,"stat.fallOneCm":3360,"stat.craftItem.minecraft.shield":1,"stat.pickup.minecraft.furnace":1,"stat.useItem.minecraft.stone_axe":128,"stat.pickup.minecraft.stone":33,"stat.crouchOneCm":395,"stat.craftItem.minecraft.torch":40,"stat.craftItem.minecraft.chest":1,"stat.craftItem.minecraft.iron_ingot":6,"stat.pickup.minecraft.sapling":7,"stat.killEntity.Squid":1,"stat.pickup.minecraft.dirt":38,"stat.useItem.minecraft.dirt":31,"stat.sprintOneCm":35143,"stat.pickup.minecraft.red_mushroom":22,"stat.pickup.minecraft.apple":2,"stat.craftItem.minecraft.stick":32,"stat.craftItem.minecraft.wooden_axe":1,"stat.craftingTableInteraction":16,"stat.pickup.minecraft.iron_ore":12,"stat.pickup.minecraft.rotten_flesh":1,"stat.killEntity.Skeleton":2,"stat.craftItem.minecraft.furnace":2,"stat.craftItem.minecraft.planks":100,"stat.craftItem.minecraft.stone":9,"stat.craftItem.minecraft.stone_axe":1,"stat.mineBlock.minecraft.leaves2":3,"stat.mineBlock.minecraft.log2":38,"stat.mineBlock.minecraft.crafting_table":3,"stat.damageTaken":295,"stat.craftItem.minecraft.stone_pickaxe":4,"stat.mineBlock.minecraft.red_flower":14,"stat.mineBlock.minecraft.furnace":1,"stat.useItem.minecraft.wooden_pickaxe":44,"stat.useItem.minecraft.furnace":2,"stat.pickup.minecraft.cobblestone":191,"stat.mobKills":6,"stat.mineBlock.minecraft.log":19,"stat.pickup.minecraft.log2":42,"stat.pickup.minecraft.dye":3,"stat.pickup.minecraft.reeds":6,"stat.craftItem.minecraft.stone_sword":1,"stat.flyOneCm":28705,"stat.deaths":1,"stat.pickup.minecraft.wheat_seeds":10,"stat.pickup.minecraft.brown_mushroom":9,"stat.mineBlock.minecraft.leaves":2,"stat.playOneMinute":36000,"stat.useItem.minecraft.stone_pickaxe":260,"stat.breakItem.minecraft.stone_axe":1,"stat.pickup.minecraft.red_flower":14,"stat.useItem.minecraft.stone_sword":9,"stat.sneakTime":132,"stat.damageDealt":1003,"stat.mineBlock.minecraft.iron_ore":12,"stat.mineBlock.minecraft.brown_mushroom_block":45,"stat.killEntity.Zombie":3,"stat.timeSinceDeath":23341,"stat.craftItem.minecraft.dye":28,"stat.useItem.minecraft.wooden_axe":5,"stat.pickup.minecraft.yellow_flower":6,"stat.useItem.minecraft.crafting_table":5,"stat.mineBlock.minecraft.dirt":19,"stat.craftItem.minecraft.wooden_pickaxe":2,"stat.mineBlock.minecraft.stone":223,"stat.mineBlock.minecraft.tallgrass":117,"stat.diveOneCm":2942}