{"stat.drop.minecraft.stone_pickaxe":1,"stat.chestOpened":5,"stat.walkOneCm":66073,"stat.useItem.minecraft.torch":20,"stat.useItem.minecraft.bread":1,"stat.useItem.minecraft.chest":1,"stat.useItem.minecraft.potato":23,"stat.leaveGame":1,"stat.pickup.minecraft.crafting_table":3,"stat.pickup.minecraft.stone_pickaxe":1,"stat.craftItem.minecraft.crafting_table":1,"stat.furnaceInteraction":16,"stat.craftItem.minecraft.iron_axe":1,"stat.mineBlock.minecraft.coal_ore":60,"stat.breakItem.minecraft.stone_pickaxe":1,"stat.pickup.minecraft.log":13,"stat.jump":232,"stat.swimOneCm":196,"stat.pickup.minecraft.coal":99,"stat.fallOneCm":3745,"stat.pickup.minecraft.iron_ingot":17,"stat.pickup.minecraft.furnace":1,"stat.drop.minecraft.carrot":9,"stat.pickup.minecraft.carrot":51,"stat.useItem.minecraft.stone_axe":93,"stat.drop.minecraft.sapling":2,"stat.craftItem.minecraft.iron_chestplate":1,"stat.mineBlock.minecraft.chest":1,"stat.craftItem.minecraft.torch":64,"stat.craftItem.minecraft.chest":1,"stat.craftItem.minecraft.iron_ingot":11,"stat.pickup.minecraft.sapling":2,"stat.pickup.minecraft.ender_pearl":1,"stat.craftItem.minecraft.iron_helmet":1,"stat.sprintOneCm":40227,"stat.craftItem.minecraft.stick":32,"stat.craftingTableInteraction":16,"stat.pickup.minecraft.iron_ore":39,"stat.craftItem.minecraft.furnace":1,"stat.pickup.minecraft.beetroot":39,"stat.craftItem.minecraft.planks":52,"stat.craftItem.minecraft.stone":16,"stat.craftItem.minecraft.stone_axe":1,"stat.useItem.minecraft.wheat_seeds":16,"stat.craftItem.minecraft.iron_boots":1,"stat.mineBlock.minecraft.crafting_table":3,"stat.damageTaken":155,"stat.craftItem.minecraft.stone_pickaxe":2,"stat.mineBlock.minecraft.torch":2,"stat.mineBlock.minecraft.furnace":1,"stat.useItem.minecraft.wooden_pickaxe":16,"stat.useItem.minecraft.furnace":2,"stat.useItem.minecraft.carrot":4,"stat.killEntity.Enderman":1,"stat.pickup.minecraft.cobblestone":56,"stat.mobKills":1,"stat.mineBlock.minecraft.log":13,"stat.flyOneCm":37291,"stat.craftItem.minecraft.iron_shovel":1,"stat.drop":14,"stat.pickup.minecraft.wheat_seeds":124,"stat.pickup.minecraft.beetroot_seeds":104,"stat.pickup.minecraft.potato":108,"stat.playOneMinute":24588,"stat.pickup.minecraft.torch":2,"stat.useItem.minecraft.stone_pickaxe":131,"stat.sneakTime":30,"stat.damageDealt":400,"stat.craftItem.minecraft.diamond_pickaxe":1,"stat.mineBlock.minecraft.iron_ore":28,"stat.timeSinceDeath":24588,"stat.craftItem.minecraft.baked_potato":3,"stat.drop.minecraft.bread":2,"stat.useItem.minecraft.crafting_table":4,"stat.craftItem.minecraft.wooden_pickaxe":1,"stat.mineBlock.minecraft.stone":56,"stat.diveOneCm":344,"stat.craftItem.minecraft.iron_sword":1,"stat.pickup.minecraft.wheat":37,"stat.pickup.minecraft.chest":1}