{"stat.drop.minecraft.stone_pickaxe":1,"stat.chestOpened":6,"stat.pickup.minecraft.bone":2,"stat.leaveGame":1,"stat.pickup.minecraft.arrow":1,"stat.pickup.minecraft.stone_pickaxe":1,"stat.craftItem.minecraft.iron_axe":1,"stat.jump":414,"stat.swimOneCm":4418,"stat.pickup.minecraft.coal":99,"stat.fallOneCm":5586,"stat.pickup.minecraft.iron_ingot":17,"stat.pickup.minecraft.carrot":53,"stat.useItem.minecraft.stone_axe":93,"stat.pickup.minecraft.gunpowder":1,"stat.crouchOneCm":47,"stat.mineBlock.minecraft.chest":1,"stat.pickup.minecraft.spider_eye":1,"stat.craftItem.minecraft.torch":64,"stat.craftItem.minecraft.chest":1,"stat.craftItem.minecraft.iron_ingot":11,"stat.craftItem.minecraft.iron_helmet":1,"stat.pickup.minecraft.dirt":16,"stat.pickup.minecraft.bow":2,"stat.craftingTableInteraction":16,"stat.pickup.minecraft.iron_ore":42,"stat.pickup.minecraft.rotten_flesh":3,"stat.craftItem.minecraft.furnace":1,"stat.craftItem.minecraft.stone_axe":1,"stat.craftItem.minecraft.iron_boots":1,"stat.damageTaken":336,"stat.craftItem.minecraft.stone_pickaxe":2,"stat.mineBlock.minecraft.torch":4,"stat.mineBlock.minecraft.furnace":1,"stat.useItem.minecraft.wooden_pickaxe":16,"stat.useItem.minecraft.furnace":2,"stat.killEntity.Enderman":1,"stat.pickup.minecraft.cobblestone":382,"stat.flyOneCm":59578,"stat.craftItem.minecraft.iron_shovel":1,"stat.pickup.minecraft.wheat_seeds":124,"stat.pickup.minecraft.potato":108,"stat.useItem.minecraft.stone_pickaxe":131,"stat.damageDealt":1763,"stat.mineBlock.minecraft.iron_ore":29,"stat.timeSinceDeath":36588,"stat.craftItem.minecraft.baked_potato":16,"stat.useItem.minecraft.crafting_table":4,"stat.craftItem.minecraft.wooden_pickaxe":1,"stat.craftItem.minecraft.iron_sword":1,"stat.walkOneCm":108833,"stat.useItem.minecraft.torch":30,"stat.useItem.minecraft.bread":1,"stat.useItem.minecraft.chest":1,"stat.useItem.minecraft.potato":28,"stat.pickup.minecraft.crafting_table":3,"stat.craftItem.minecraft.crafting_table":1,"stat.furnaceInteraction":18,"stat.mineBlock.minecraft.coal_ore":60,"stat.breakItem.minecraft.stone_pickaxe":1,"stat.pickup.minecraft.log":13,"stat.pickup.minecraft.string":2,"stat.pickup.minecraft.furnace":1,"stat.drop.minecraft.carrot":9,"stat.drop.minecraft.sapling":2,"stat.craftItem.minecraft.iron_chestplate":1,"stat.pickup.minecraft.sapling":2,"stat.pickup.minecraft.ender_pearl":1,"stat.sprintOneCm":66541,"stat.craftItem.minecraft.stick":32,"stat.killEntity.Skeleton":3,"stat.drop.minecraft.bow":1,"stat.pickup.minecraft.beetroot":39,"stat.craftItem.minecraft.planks":52,"stat.useItem.minecraft.iron_sword":27,"stat.craftItem.minecraft.stone":16,"stat.useItem.minecraft.wheat_seeds":28,"stat.mineBlock.minecraft.crafting_table":3,"stat.killEntity.Spider":1,"stat.useItem.minecraft.diamond_pickaxe":328,"stat.useItem.minecraft.carrot":6,"stat.mobKills":8,"stat.mineBlock.minecraft.log":13,"stat.drop":15,"stat.pickup.minecraft.beetroot_seeds":104,"stat.playOneMinute":36588,"stat.pickup.minecraft.torch":4,"stat.sneakTime":97,"stat.craftItem.minecraft.diamond_pickaxe":1,"stat.useItem.minecraft.baked_potato":4,"stat.killEntity.Zombie":3,"stat.drop.minecraft.bread":2,"stat.mineBlock.minecraft.stone":382,"stat.diveOneCm":3673,"stat.pickup.minecraft.wheat":37,"stat.pickup.minecraft.chest":1}