{"stat.drop.minecraft.stone_pickaxe":1,"stat.craftItem.minecraft.furnace":1,"stat.walkOneCm":22001,"stat.useItem.minecraft.torch":9,"stat.craftItem.minecraft.planks":52,"stat.craftItem.minecraft.stone":5,"stat.craftItem.minecraft.stone_axe":1,"stat.pickup.minecraft.crafting_table":2,"stat.mineBlock.minecraft.crafting_table":2,"stat.damageTaken":50,"stat.pickup.minecraft.stone_pickaxe":1,"stat.craftItem.minecraft.crafting_table":1,"stat.furnaceInteraction":6,"stat.craftItem.minecraft.stone_pickaxe":1,"stat.useItem.minecraft.wooden_pickaxe":16,"stat.useItem.minecraft.furnace":1,"stat.pickup.minecraft.cobblestone":52,"stat.mineBlock.minecraft.coal_ore":51,"stat.mineBlock.minecraft.log":13,"stat.pickup.minecraft.log":13,"stat.flyOneCm":19997,"stat.drop":3,"stat.jump":115,"stat.swimOneCm":60,"stat.playOneMinute":12000,"stat.pickup.minecraft.coal":49,"stat.fallOneCm":2909,"stat.useItem.minecraft.stone_pickaxe":115,"stat.sneakTime":1,"stat.drop.minecraft.sapling":2,"stat.mineBlock.minecraft.iron_ore":28,"stat.timeSinceDeath":12000,"stat.craftItem.minecraft.torch":64,"stat.pickup.minecraft.sapling":2,"stat.sprintOneCm":16136,"stat.useItem.minecraft.crafting_table":3,"stat.craftItem.minecraft.wooden_pickaxe":1,"stat.mineBlock.minecraft.stone":52,"stat.craftItem.minecraft.stick":24,"stat.craftingTableInteraction":10,"stat.pickup.minecraft.iron_ore":28}