{"stat.pickup.minecraft.double_plant":2,"stat.walkOneCm":9605,"stat.leaveGame":8,"stat.pickup.minecraft.log":1,"stat.useItem.minecraft.mutton":3,"stat.jump":224,"stat.swimOneCm":118,"stat.fallOneCm":7594,"stat.crouchOneCm":272,"stat.pickup.minecraft.sapling":1,"stat.pickup.minecraft.dirt":12,"stat.useItem.minecraft.dirt":11,"stat.sprintOneCm":27508,"stat.useItem.minecraft.stone_slab2":1,"stat.damageTaken":155,"stat.mobKills":3,"stat.mineBlock.minecraft.log":1,"stat.pickup.minecraft.reeds":6,"stat.flyOneCm":42425,"stat.pickup.minecraft.wheat_seeds":1,"stat.drop":1,"stat.mineBlock.minecraft.leaves":2,"stat.playOneMinute":25908,"stat.drop.minecraft.wheat_seeds":1,"stat.killEntity.Sheep":3,"stat.sneakTime":34,"stat.pickup.minecraft.wool":3,"stat.damageDealt":268,"stat.timeSinceDeath":25908,"stat.mineBlock.minecraft.dirt":12,"stat.mineBlock.minecraft.tallgrass":6,"stat.pickup.minecraft.mutton":3}