{"stat.walkOneCm":8504,"stat.leaveGame":14,"stat.mineBlock.minecraft.double_plant":1,"stat.jump":214,"stat.swimOneCm":369,"stat.fallOneCm":5429,"stat.crouchOneCm":71,"stat.pickup.minecraft.dirt":27,"stat.useItem.minecraft.dirt":20,"stat.sprintOneCm":18450,"stat.useItem.minecraft.stone_slab2":4,"stat.pickup.minecraft.sand":1,"stat.damageTaken":220,"stat.flyOneCm":54020,"stat.deaths":1,"stat.pickup.minecraft.wheat_seeds":1,"stat.mineBlock.minecraft.leaves":4,"stat.mineBlock.minecraft.sand":1,"stat.playOneMinute":90913,"stat.entityKilledBy.Zombie":1,"stat.sneakTime":14,"stat.timeSinceDeath":15672,"stat.mineBlock.minecraft.dirt":27,"stat.mineBlock.minecraft.tallgrass":6,"stat.diveOneCm":4045}