{"stat.walkOneCm":11115,"stat.leaveGame":15,"stat.mineBlock.minecraft.double_plant":1,"stat.jump":244,"stat.swimOneCm":369,"stat.fallOneCm":5429,"stat.crouchOneCm":71,"stat.pickup.minecraft.dirt":29,"stat.useItem.minecraft.dirt":23,"stat.sprintOneCm":23052,"stat.useItem.minecraft.stone_slab2":5,"stat.pickup.minecraft.sand":1,"stat.damageTaken":220,"stat.mobKills":1,"stat.flyOneCm":61548,"stat.deaths":1,"stat.pickup.minecraft.wheat_seeds":1,"stat.mineBlock.minecraft.leaves":4,"stat.mineBlock.minecraft.sand":1,"stat.playOneMinute":93914,"stat.entityKilledBy.Zombie":1,"stat.killEntity.Sheep":1,"stat.sneakTime":14,"stat.pickup.minecraft.wool":1,"stat.damageDealt":80,"stat.timeSinceDeath":18673,"stat.mineBlock.minecraft.dirt":29,"stat.mineBlock.minecraft.tallgrass":6,"stat.diveOneCm":4045,"stat.pickup.minecraft.mutton":1}