{"stat.pickup.minecraft.double_plant":2,"stat.walkOneCm":12278,"stat.leaveGame":11,"stat.useItem.minecraft.log":1,"stat.pickup.minecraft.log":1,"stat.useItem.minecraft.mutton":3,"stat.jump":300,"stat.swimOneCm":899,"stat.fallOneCm":9539,"stat.crouchOneCm":272,"stat.pickup.minecraft.sapling":1,"stat.pickup.minecraft.dirt":18,"stat.useItem.minecraft.dirt":15,"stat.sprintOneCm":43184,"stat.useItem.minecraft.stone_slab2":1,"stat.mineBlock.minecraft.leaves2":1,"stat.damageTaken":185,"stat.mobKills":3,"stat.mineBlock.minecraft.log":1,"stat.pickup.minecraft.reeds":6,"stat.flyOneCm":57494,"stat.pickup.minecraft.wheat_seeds":1,"stat.drop":1,"stat.mineBlock.minecraft.leaves":3,"stat.playOneMinute":40621,"stat.drop.minecraft.wheat_seeds":1,"stat.killEntity.Sheep":3,"stat.sneakTime":40,"stat.pickup.minecraft.wool":3,"stat.damageDealt":268,"stat.timeSinceDeath":40621,"stat.mineBlock.minecraft.dirt":18,"stat.mineBlock.minecraft.tallgrass":6,"stat.pickup.minecraft.mutton":3,"stat.diveOneCm":2354}