{"stat.pickup.minecraft.double_plant":2,"stat.walkOneCm":4775,"stat.leaveGame":4,"stat.jump":137,"stat.swimOneCm":118,"stat.fallOneCm":4422,"stat.crouchOneCm":195,"stat.pickup.minecraft.dirt":1,"stat.sprintOneCm":16698,"stat.useItem.minecraft.stone_slab2":1,"stat.damageTaken":40,"stat.mobKills":3,"stat.pickup.minecraft.reeds":6,"stat.flyOneCm":25779,"stat.pickup.minecraft.wheat_seeds":1,"stat.drop":1,"stat.playOneMinute":3293,"stat.drop.minecraft.wheat_seeds":1,"stat.killEntity.Sheep":3,"stat.sneakTime":25,"stat.pickup.minecraft.wool":3,"stat.damageDealt":240,"stat.timeSinceDeath":3293,"stat.mineBlock.minecraft.dirt":1,"stat.mineBlock.minecraft.tallgrass":6,"stat.pickup.minecraft.mutton":3}