{"stat.pickup.minecraft.double_plant":2,"stat.walkOneCm":19815,"stat.leaveGame":12,"stat.useItem.minecraft.log":1,"stat.pickup.minecraft.log":1,"stat.useItem.minecraft.mutton":3,"stat.jump":350,"stat.swimOneCm":1956,"stat.useItem.minecraft.double_plant":2,"stat.fallOneCm":10166,"stat.craftItem.minecraft.gold_block":7,"stat.crouchOneCm":478,"stat.pickup.minecraft.sapling":1,"stat.pickup.minecraft.dirt":18,"stat.useItem.minecraft.dirt":15,"stat.sprintOneCm":48050,"stat.useItem.minecraft.stone_slab2":1,"stat.craftingTableInteraction":2,"stat.mineBlock.minecraft.leaves2":1,"stat.damageTaken":245,"stat.mobKills":3,"stat.mineBlock.minecraft.log":1,"stat.pickup.minecraft.reeds":6,"stat.flyOneCm":339632,"stat.deaths":1,"stat.pickup.minecraft.wheat_seeds":1,"stat.drop":1,"stat.mineBlock.minecraft.leaves":3,"stat.playOneMinute":51981,"stat.drop.minecraft.wheat_seeds":1,"stat.killEntity.Sheep":3,"stat.sneakTime":76,"stat.pickup.minecraft.wool":3,"stat.damageDealt":268,"stat.timeSinceDeath":9942,"stat.mineBlock.minecraft.dirt":18,"stat.useItem.minecraft.crafting_table":1,"stat.mineBlock.minecraft.tallgrass":6,"stat.pickup.minecraft.mutton":3,"stat.diveOneCm":7305}