{"stat.pickup.minecraft.double_plant":2,"stat.walkOneCm":10991,"stat.leaveGame":9,"stat.useItem.minecraft.log":1,"stat.pickup.minecraft.log":1,"stat.useItem.minecraft.mutton":3,"stat.jump":266,"stat.swimOneCm":118,"stat.fallOneCm":8703,"stat.crouchOneCm":272,"stat.pickup.minecraft.sapling":1,"stat.pickup.minecraft.dirt":14,"stat.useItem.minecraft.dirt":11,"stat.sprintOneCm":33826,"stat.useItem.minecraft.stone_slab2":1,"stat.mineBlock.minecraft.leaves2":1,"stat.damageTaken":185,"stat.mobKills":3,"stat.mineBlock.minecraft.log":1,"stat.pickup.minecraft.reeds":6,"stat.flyOneCm":49345,"stat.pickup.minecraft.wheat_seeds":1,"stat.drop":1,"stat.mineBlock.minecraft.leaves":3,"stat.playOneMinute":27348,"stat.drop.minecraft.wheat_seeds":1,"stat.killEntity.Sheep":3,"stat.sneakTime":34,"stat.pickup.minecraft.wool":3,"stat.damageDealt":268,"stat.timeSinceDeath":27348,"stat.mineBlock.minecraft.dirt":14,"stat.mineBlock.minecraft.tallgrass":6,"stat.pickup.minecraft.mutton":3}