{"stat.walkOneCm":5027,"stat.leaveGame":8,"stat.damageTaken":10,"stat.mineBlock.minecraft.double_plant":1,"stat.flyOneCm":27095,"stat.pickup.minecraft.wheat_seeds":1,"stat.jump":115,"stat.playOneMinute":70414,"stat.fallOneCm":3261,"stat.sneakTime":14,"stat.crouchOneCm":71,"stat.timeSinceDeath":70414,"stat.pickup.minecraft.dirt":13,"stat.useItem.minecraft.dirt":9,"stat.sprintOneCm":7960,"stat.mineBlock.minecraft.dirt":13,"stat.useItem.minecraft.stone_slab2":2,"stat.mineBlock.minecraft.tallgrass":6}