{"stat.pickup.minecraft.double_plant":2,"stat.walkOneCm":8163,"stat.leaveGame":7,"stat.jump":191,"stat.swimOneCm":118,"stat.fallOneCm":5676,"stat.crouchOneCm":272,"stat.pickup.minecraft.dirt":10,"stat.useItem.minecraft.dirt":6,"stat.sprintOneCm":24300,"stat.useItem.minecraft.stone_slab2":1,"stat.damageTaken":85,"stat.mobKills":3,"stat.pickup.minecraft.reeds":6,"stat.flyOneCm":36315,"stat.pickup.minecraft.wheat_seeds":1,"stat.drop":1,"stat.playOneMinute":20970,"stat.drop.minecraft.wheat_seeds":1,"stat.killEntity.Sheep":3,"stat.sneakTime":34,"stat.pickup.minecraft.wool":3,"stat.damageDealt":268,"stat.timeSinceDeath":20970,"stat.mineBlock.minecraft.dirt":10,"stat.mineBlock.minecraft.tallgrass":6,"stat.pickup.minecraft.mutton":3}