{"stat.pickup.minecraft.double_plant":2,"stat.walkOneCm":4615,"stat.leaveGame":3,"stat.jump":127,"stat.swimOneCm":118,"stat.fallOneCm":3888,"stat.crouchOneCm":195,"stat.pickup.minecraft.dirt":1,"stat.sprintOneCm":16171,"stat.useItem.minecraft.stone_slab2":1,"stat.damageTaken":40,"stat.mobKills":3,"stat.pickup.minecraft.reeds":6,"stat.flyOneCm":23291,"stat.pickup.minecraft.wheat_seeds":1,"stat.drop":1,"stat.playOneMinute":3076,"stat.drop.minecraft.wheat_seeds":1,"stat.killEntity.Sheep":3,"stat.sneakTime":25,"stat.pickup.minecraft.wool":3,"stat.damageDealt":240,"stat.timeSinceDeath":3076,"stat.mineBlock.minecraft.dirt":1,"stat.mineBlock.minecraft.tallgrass":6,"stat.pickup.minecraft.mutton":3}