{"stat.pickup.minecraft.double_plant":2,"stat.walkOneCm":5218,"stat.leaveGame":5,"stat.jump":141,"stat.swimOneCm":118,"stat.fallOneCm":4631,"stat.crouchOneCm":272,"stat.pickup.minecraft.dirt":1,"stat.sprintOneCm":19022,"stat.useItem.minecraft.stone_slab2":1,"stat.damageTaken":40,"stat.mobKills":3,"stat.pickup.minecraft.reeds":6,"stat.flyOneCm":27110,"stat.pickup.minecraft.wheat_seeds":1,"stat.drop":1,"stat.playOneMinute":3718,"stat.drop.minecraft.wheat_seeds":1,"stat.killEntity.Sheep":3,"stat.sneakTime":34,"stat.pickup.minecraft.wool":3,"stat.damageDealt":240,"stat.timeSinceDeath":3718,"stat.mineBlock.minecraft.dirt":1,"stat.mineBlock.minecraft.tallgrass":6,"stat.pickup.minecraft.mutton":3}