{"stat.pickup.minecraft.double_plant":2,"stat.walkOneCm":6292,"stat.leaveGame":6,"stat.jump":153,"stat.swimOneCm":118,"stat.fallOneCm":4840,"stat.crouchOneCm":272,"stat.pickup.minecraft.dirt":5,"stat.useItem.minecraft.dirt":2,"stat.sprintOneCm":21229,"stat.useItem.minecraft.stone_slab2":1,"stat.damageTaken":85,"stat.mobKills":3,"stat.pickup.minecraft.reeds":6,"stat.flyOneCm":30265,"stat.pickup.minecraft.wheat_seeds":1,"stat.drop":1,"stat.playOneMinute":10014,"stat.drop.minecraft.wheat_seeds":1,"stat.killEntity.Sheep":3,"stat.sneakTime":34,"stat.pickup.minecraft.wool":3,"stat.damageDealt":268,"stat.timeSinceDeath":10014,"stat.mineBlock.minecraft.dirt":5,"stat.mineBlock.minecraft.tallgrass":6,"stat.pickup.minecraft.mutton":3}